metric,value
n_rows,4140.0
n_nonnull_pEC50,4140.0
n_missing_pEC50,0.0
pEC50_min,1.61
pEC50_q01,1.74
pEC50_q05,1.96
pEC50_median,4.65
pEC50_mean,4.320813660438857
pEC50_q95,5.69
pEC50_q99,6.156099999999997
pEC50_max,7.54855421686747
stderr_median,0.15
stderr_q90,0.4181999999999998
stderr_q95,0.574
ci_width_median,0.5800000000000001
ci_width_q90,1.560999999999999
ci_width_q95,2.04
fraction_integer_pEC50,0.010144927536231883
fraction_halfstep_pEC50,0.017391304347826087
